path,has_subnodes,raw_path,raw_filename
1_OnceAndOnceAgain,true,1_OnceAndOnceAgain,1_OnceAndOnceAgain
1_OnceAndOnceAgain.Painting,true,1_OnceAndOnceAgain/Painting,Painting
1_OnceAndOnceAgain.Painting.20230228_v1_0,false,1_OnceAndOnceAgain/Painting/20230228_v1.0,20230228_v1.0
1_OnceAndOnceAgain.Pattern,true,1_OnceAndOnceAgain/Pattern,Pattern
1_OnceAndOnceAgain.Pattern.20230203_v1_0,false,1_OnceAndOnceAgain/Pattern/20230203_v1.0,20230203_v1.0
1_OnceAndOnceAgain.programing,true,1_OnceAndOnceAgain/programing,programing
1_OnceAndOnceAgain.programing.code,true,1_OnceAndOnceAgain/programing/code,code
1_OnceAndOnceAgain.programing.code.20230717_js_v1_0,false,1_OnceAndOnceAgain/programing/code/20230717_js_v1.0,20230717_js_v1.0
1_OnceAndOnceAgain.programing.code.20230822_js_v1_1,false,1_OnceAndOnceAgain/programing/code/20230822_js_v1.1,20230822_js_v1.1
1_OnceAndOnceAgain.programing.code.20240204_rust_v2_1,false,1_OnceAndOnceAgain/programing/code/20240204_rust_v2.1,20240204_rust_v2.1
1_OnceAndOnceAgain.programing.code.20240205_rust_v2_2,false,1_OnceAndOnceAgain/programing/code/20240205_rust_v2.2,20240205_rust_v2.2
1_OnceAndOnceAgain.programing.code.20240206_rust_v2_3,false,1_OnceAndOnceAgain/programing/code/20240206_rust_v2.3,20240206_rust_v2.3
1_OnceAndOnceAgain.programing.code.20240212_rust_v2_4,false,1_OnceAndOnceAgain/programing/code/20240212_rust_v2.4,20240212_rust_v2.4
1_OnceAndOnceAgain.programing.code.20240213_rust_v2_5,false,1_OnceAndOnceAgain/programing/code/20240213_rust_v2.5,20240213_rust_v2.5
1_OnceAndOnceAgain.programing.code.20240218_rust_v2_6,false,1_OnceAndOnceAgain/programing/code/20240218_rust_v2.6,20240218_rust_v2.6
1_OnceAndOnceAgain.programing.code.20240218_rust_v2_7,false,1_OnceAndOnceAgain/programing/code/20240218_rust_v2.7,20240218_rust_v2.7
1_OnceAndOnceAgain.programing.code.20240220_rust_v2_8,false,1_OnceAndOnceAgain/programing/code/20240220_rust_v2.8,20240220_rust_v2.8
1_OnceAndOnceAgain.programing.code.20240221_rust_v2_9,false,1_OnceAndOnceAgain/programing/code/20240221_rust_v2.9,20240221_rust_v2.9
1_OnceAndOnceAgain.programing.code.20240415_rust_v4_0,false,1_OnceAndOnceAgain/programing/code/20240415_rust_v4.0,20240415_rust_v4.0
1_OnceAndOnceAgain.programing.code.20240418_rust_v4_0p,false,1_OnceAndOnceAgain/programing/code/20240418_rust_v4.0p,20240418_rust_v4.0p
1_OnceAndOnceAgain.programing.code.20240818_rust_v4_2,false,1_OnceAndOnceAgain/programing/code/20240818_rust_v4.2,20240818_rust_v4.2
1_OnceAndOnceAgain.programing.digitalPoster,true,1_OnceAndOnceAgain/programing/digitalPoster,digitalPoster
1_OnceAndOnceAgain.programing.digitalPoster.20231102_OaOA_Poster,false,1_OnceAndOnceAgain/programing/digitalPoster/20231102_OaOA_Poster,20231102_OaOA_Poster
1_OnceAndOnceAgain.programing.game,false,1_OnceAndOnceAgain/programing/game,game
