file_path,raw_path,raw_filename
1_OnceAndOnceAgain.Painting.20230228_v1_0.visual_assets.01_webp,1_OnceAndOnceAgain/Painting/20230228_v1.0/visual_assets/01.webp,01.webp
1_OnceAndOnceAgain.Painting.20230228_v1_0.visual_assets.02_webp,1_OnceAndOnceAgain/Painting/20230228_v1.0/visual_assets/02.webp,02.webp
1_OnceAndOnceAgain.Painting.20230228_v1_0.visual_assets.03_webp,1_OnceAndOnceAgain/Painting/20230228_v1.0/visual_assets/03.webp,03.webp
1_OnceAndOnceAgain.Painting.20230228_v1_0.visual_assets.04_webp,1_OnceAndOnceAgain/Painting/20230228_v1.0/visual_assets/04.webp,04.webp
1_OnceAndOnceAgain.Painting.20230228_v1_0.visual_assets.05_webp,1_OnceAndOnceAgain/Painting/20230228_v1.0/visual_assets/05.webp,05.webp
1_OnceAndOnceAgain.Painting.20230228_v1_0.visual_assets.06_webp,1_OnceAndOnceAgain/Painting/20230228_v1.0/visual_assets/06.webp,06.webp
1_OnceAndOnceAgain.Painting.20230228_v1_0.visual_assets.07_webp,1_OnceAndOnceAgain/Painting/20230228_v1.0/visual_assets/07.webp,07.webp
1_OnceAndOnceAgain.Painting.20230228_v1_0.visual_assets.08_webp,1_OnceAndOnceAgain/Painting/20230228_v1.0/visual_assets/08.webp,08.webp
1_OnceAndOnceAgain.Painting.20230228_v1_0.visual_assets.09_webp,1_OnceAndOnceAgain/Painting/20230228_v1.0/visual_assets/09.webp,09.webp
1_OnceAndOnceAgain.Painting.20230228_v1_0.visual_assets.10_webp,1_OnceAndOnceAgain/Painting/20230228_v1.0/visual_assets/10.webp,10.webp
1_OnceAndOnceAgain.Painting.20230228_v1_0.visual_assets.11_webp,1_OnceAndOnceAgain/Painting/20230228_v1.0/visual_assets/11.webp,11.webp
1_OnceAndOnceAgain.Painting.20230228_v1_0.visual_assets.12_webp,1_OnceAndOnceAgain/Painting/20230228_v1.0/visual_assets/12.webp,12.webp
1_OnceAndOnceAgain.Painting.20230228_v1_0.visual_assets.13_webp,1_OnceAndOnceAgain/Painting/20230228_v1.0/visual_assets/13.webp,13.webp
1_OnceAndOnceAgain.Painting.20230228_v1_0.visual_assets.14_webp,1_OnceAndOnceAgain/Painting/20230228_v1.0/visual_assets/14.webp,14.webp
1_OnceAndOnceAgain.Painting.20230228_v1_0.visual_assets.15_webp,1_OnceAndOnceAgain/Painting/20230228_v1.0/visual_assets/15.webp,15.webp
1_OnceAndOnceAgain.Painting.20230228_v1_0.visual_assets.16_webp,1_OnceAndOnceAgain/Painting/20230228_v1.0/visual_assets/16.webp,16.webp
1_OnceAndOnceAgain.Painting.20230228_v1_0.visual_assets.17_webp,1_OnceAndOnceAgain/Painting/20230228_v1.0/visual_assets/17.webp,17.webp
1_OnceAndOnceAgain.Painting.20230228_v1_0.visual_assets.18_webp,1_OnceAndOnceAgain/Painting/20230228_v1.0/visual_assets/18.webp,18.webp
1_OnceAndOnceAgain.Painting.20230228_v1_0.visual_assets.19_webp,1_OnceAndOnceAgain/Painting/20230228_v1.0/visual_assets/19.webp,19.webp
1_OnceAndOnceAgain.Painting.20230228_v1_0.visual_assets.20_webp,1_OnceAndOnceAgain/Painting/20230228_v1.0/visual_assets/20.webp,20.webp
1_OnceAndOnceAgain.Painting.20230228_v1_0.visual_assets.21_webp,1_OnceAndOnceAgain/Painting/20230228_v1.0/visual_assets/21.webp,21.webp
1_OnceAndOnceAgain.Painting.20230228_v1_0.visual_assets.22_webp,1_OnceAndOnceAgain/Painting/20230228_v1.0/visual_assets/22.webp,22.webp
1_OnceAndOnceAgain.Painting.20230228_v1_0.visual_assets.23_webp,1_OnceAndOnceAgain/Painting/20230228_v1.0/visual_assets/23.webp,23.webp
1_OnceAndOnceAgain.Painting.20230228_v1_0.visual_assets.24_webp,1_OnceAndOnceAgain/Painting/20230228_v1.0/visual_assets/24.webp,24.webp
1_OnceAndOnceAgain.Painting.20230228_v1_0.visual_assets.25_webp,1_OnceAndOnceAgain/Painting/20230228_v1.0/visual_assets/25.webp,25.webp
1_OnceAndOnceAgain.Painting.20230228_v1_0.visual_assets.26_webp,1_OnceAndOnceAgain/Painting/20230228_v1.0/visual_assets/26.webp,26.webp
1_OnceAndOnceAgain.Painting.20230228_v1_0.visual_assets.27_webp,1_OnceAndOnceAgain/Painting/20230228_v1.0/visual_assets/27.webp,27.webp
1_OnceAndOnceAgain.Painting.20230228_v1_0.visual_assets.28_webp,1_OnceAndOnceAgain/Painting/20230228_v1.0/visual_assets/28.webp,28.webp
1_OnceAndOnceAgain.Painting.20230228_v1_0.visual_assets.29_webp,1_OnceAndOnceAgain/Painting/20230228_v1.0/visual_assets/29.webp,29.webp
1_OnceAndOnceAgain.Painting.20230228_v1_0.visual_assets.30_webp,1_OnceAndOnceAgain/Painting/20230228_v1.0/visual_assets/30.webp,30.webp
1_OnceAndOnceAgain.Painting.20230228_v1_0.visual_assets.31_webp,1_OnceAndOnceAgain/Painting/20230228_v1.0/visual_assets/31.webp,31.webp
1_OnceAndOnceAgain.Painting.20230228_v1_0.visual_assets.32_webp,1_OnceAndOnceAgain/Painting/20230228_v1.0/visual_assets/32.webp,32.webp
1_OnceAndOnceAgain.Painting.20230228_v1_0.visual_assets.33_webp,1_OnceAndOnceAgain/Painting/20230228_v1.0/visual_assets/33.webp,33.webp
1_OnceAndOnceAgain.Painting.20230228_v1_0.visual_assets.34_webp,1_OnceAndOnceAgain/Painting/20230228_v1.0/visual_assets/34.webp,34.webp
1_OnceAndOnceAgain.Painting.20230228_v1_0.visual_assets.35_webp,1_OnceAndOnceAgain/Painting/20230228_v1.0/visual_assets/35.webp,35.webp
1_OnceAndOnceAgain.Painting.20230228_v1_0.visual_assets.36_webp,1_OnceAndOnceAgain/Painting/20230228_v1.0/visual_assets/36.webp,36.webp
1_OnceAndOnceAgain.Painting.20230228_v1_0.visual_assets.37_webp,1_OnceAndOnceAgain/Painting/20230228_v1.0/visual_assets/37.webp,37.webp
1_OnceAndOnceAgain.Painting.20230228_v1_0.visual_assets.38_webp,1_OnceAndOnceAgain/Painting/20230228_v1.0/visual_assets/38.webp,38.webp
1_OnceAndOnceAgain.Painting.20230228_v1_0.visual_assets.39_webp,1_OnceAndOnceAgain/Painting/20230228_v1.0/visual_assets/39.webp,39.webp
1_OnceAndOnceAgain.Painting.20230228_v1_0.visual_assets.40_webp,1_OnceAndOnceAgain/Painting/20230228_v1.0/visual_assets/40.webp,40.webp
1_OnceAndOnceAgain.Pattern.20230203_v1_0.visual_assets.01_webp,1_OnceAndOnceAgain/Pattern/20230203_v1.0/visual_assets/01.webp,01.webp
1_OnceAndOnceAgain.Pattern.20230203_v1_0.visual_assets.02_webp,1_OnceAndOnceAgain/Pattern/20230203_v1.0/visual_assets/02.webp,02.webp
1_OnceAndOnceAgain.Pattern.20230203_v1_0.visual_assets.03_webp,1_OnceAndOnceAgain/Pattern/20230203_v1.0/visual_assets/03.webp,03.webp
1_OnceAndOnceAgain.Pattern.20230203_v1_0.visual_assets.04_webp,1_OnceAndOnceAgain/Pattern/20230203_v1.0/visual_assets/04.webp,04.webp
1_OnceAndOnceAgain.Pattern.20230203_v1_0.visual_assets.05_webp,1_OnceAndOnceAgain/Pattern/20230203_v1.0/visual_assets/05.webp,05.webp
1_OnceAndOnceAgain.Pattern.20230203_v1_0.visual_assets.06_webp,1_OnceAndOnceAgain/Pattern/20230203_v1.0/visual_assets/06.webp,06.webp
1_OnceAndOnceAgain.Pattern.20230203_v1_0.visual_assets.07_webp,1_OnceAndOnceAgain/Pattern/20230203_v1.0/visual_assets/07.webp,07.webp
1_OnceAndOnceAgain.Pattern.20230203_v1_0.visual_assets.08_webp,1_OnceAndOnceAgain/Pattern/20230203_v1.0/visual_assets/08.webp,08.webp
1_OnceAndOnceAgain.Pattern.20230203_v1_0.visual_assets.09_webp,1_OnceAndOnceAgain/Pattern/20230203_v1.0/visual_assets/09.webp,09.webp
1_OnceAndOnceAgain.Pattern.20230203_v1_0.visual_assets.10_webp,1_OnceAndOnceAgain/Pattern/20230203_v1.0/visual_assets/10.webp,10.webp
1_OnceAndOnceAgain.Pattern.20230203_v1_0.visual_assets.11_webp,1_OnceAndOnceAgain/Pattern/20230203_v1.0/visual_assets/11.webp,11.webp
1_OnceAndOnceAgain.Pattern.20230203_v1_0.visual_assets.12_webp,1_OnceAndOnceAgain/Pattern/20230203_v1.0/visual_assets/12.webp,12.webp
1_OnceAndOnceAgain.Pattern.20230203_v1_0.visual_assets.13_webp,1_OnceAndOnceAgain/Pattern/20230203_v1.0/visual_assets/13.webp,13.webp
1_OnceAndOnceAgain.Pattern.20230203_v1_0.visual_assets.14_webp,1_OnceAndOnceAgain/Pattern/20230203_v1.0/visual_assets/14.webp,14.webp
1_OnceAndOnceAgain.Pattern.20230203_v1_0.visual_assets.15_webp,1_OnceAndOnceAgain/Pattern/20230203_v1.0/visual_assets/15.webp,15.webp
1_OnceAndOnceAgain.Pattern.20230203_v1_0.visual_assets.16_webp,1_OnceAndOnceAgain/Pattern/20230203_v1.0/visual_assets/16.webp,16.webp
1_OnceAndOnceAgain.Pattern.20230203_v1_0.visual_assets.17_webp,1_OnceAndOnceAgain/Pattern/20230203_v1.0/visual_assets/17.webp,17.webp
1_OnceAndOnceAgain.Pattern.20230203_v1_0.visual_assets.18_webp,1_OnceAndOnceAgain/Pattern/20230203_v1.0/visual_assets/18.webp,18.webp
1_OnceAndOnceAgain.Pattern.20230203_v1_0.visual_assets.19_webp,1_OnceAndOnceAgain/Pattern/20230203_v1.0/visual_assets/19.webp,19.webp
1_OnceAndOnceAgain.Pattern.20230203_v1_0.visual_assets.20_webp,1_OnceAndOnceAgain/Pattern/20230203_v1.0/visual_assets/20.webp,20.webp
1_OnceAndOnceAgain.Pattern.20230203_v1_0.visual_assets.21_webp,1_OnceAndOnceAgain/Pattern/20230203_v1.0/visual_assets/21.webp,21.webp
1_OnceAndOnceAgain.Pattern.20230203_v1_0.visual_assets.22_webp,1_OnceAndOnceAgain/Pattern/20230203_v1.0/visual_assets/22.webp,22.webp
1_OnceAndOnceAgain.Pattern.20230203_v1_0.visual_assets.23_webp,1_OnceAndOnceAgain/Pattern/20230203_v1.0/visual_assets/23.webp,23.webp
1_OnceAndOnceAgain.Pattern.20230203_v1_0.visual_assets.24_webp,1_OnceAndOnceAgain/Pattern/20230203_v1.0/visual_assets/24.webp,24.webp
1_OnceAndOnceAgain.Pattern.20230203_v1_0.visual_assets.25_webp,1_OnceAndOnceAgain/Pattern/20230203_v1.0/visual_assets/25.webp,25.webp
1_OnceAndOnceAgain.Pattern.20230203_v1_0.visual_assets.26_webp,1_OnceAndOnceAgain/Pattern/20230203_v1.0/visual_assets/26.webp,26.webp
1_OnceAndOnceAgain.Pattern.20230203_v1_0.visual_assets.27_webp,1_OnceAndOnceAgain/Pattern/20230203_v1.0/visual_assets/27.webp,27.webp
1_OnceAndOnceAgain.Pattern.20230203_v1_0.visual_assets.28_webp,1_OnceAndOnceAgain/Pattern/20230203_v1.0/visual_assets/28.webp,28.webp
1_OnceAndOnceAgain.Pattern.20230203_v1_0.visual_assets.29_webp,1_OnceAndOnceAgain/Pattern/20230203_v1.0/visual_assets/29.webp,29.webp
1_OnceAndOnceAgain.Pattern.20230203_v1_0.visual_assets.30_webp,1_OnceAndOnceAgain/Pattern/20230203_v1.0/visual_assets/30.webp,30.webp
1_OnceAndOnceAgain.Pattern.20230203_v1_0.visual_assets.31_webp,1_OnceAndOnceAgain/Pattern/20230203_v1.0/visual_assets/31.webp,31.webp
1_OnceAndOnceAgain.Pattern.20230203_v1_0.visual_assets.32_webp,1_OnceAndOnceAgain/Pattern/20230203_v1.0/visual_assets/32.webp,32.webp
1_OnceAndOnceAgain.Pattern.20230203_v1_0.visual_assets.33_webp,1_OnceAndOnceAgain/Pattern/20230203_v1.0/visual_assets/33.webp,33.webp
1_OnceAndOnceAgain.Pattern.20230203_v1_0.visual_assets.34_webp,1_OnceAndOnceAgain/Pattern/20230203_v1.0/visual_assets/34.webp,34.webp
1_OnceAndOnceAgain.Pattern.20230203_v1_0.visual_assets.35_webp,1_OnceAndOnceAgain/Pattern/20230203_v1.0/visual_assets/35.webp,35.webp
1_OnceAndOnceAgain.Pattern.20230203_v1_0.visual_assets.36_webp,1_OnceAndOnceAgain/Pattern/20230203_v1.0/visual_assets/36.webp,36.webp
1_OnceAndOnceAgain.Pattern.20230203_v1_0.visual_assets.37_webp,1_OnceAndOnceAgain/Pattern/20230203_v1.0/visual_assets/37.webp,37.webp
1_OnceAndOnceAgain.Pattern.20230203_v1_0.visual_assets.38_webp,1_OnceAndOnceAgain/Pattern/20230203_v1.0/visual_assets/38.webp,38.webp
1_OnceAndOnceAgain.Pattern.20230203_v1_0.visual_assets.39_webp,1_OnceAndOnceAgain/Pattern/20230203_v1.0/visual_assets/39.webp,39.webp
1_OnceAndOnceAgain.Pattern.20230203_v1_0.visual_assets.40_webp,1_OnceAndOnceAgain/Pattern/20230203_v1.0/visual_assets/40.webp,40.webp
1_OnceAndOnceAgain.Pattern.20230203_v1_0.visual_assets.41_webp,1_OnceAndOnceAgain/Pattern/20230203_v1.0/visual_assets/41.webp,41.webp
1_OnceAndOnceAgain.Pattern.20230203_v1_0.visual_assets.42_webp,1_OnceAndOnceAgain/Pattern/20230203_v1.0/visual_assets/42.webp,42.webp
1_OnceAndOnceAgain.Pattern.20230203_v1_0.visual_assets.43_webp,1_OnceAndOnceAgain/Pattern/20230203_v1.0/visual_assets/43.webp,43.webp
1_OnceAndOnceAgain.Pattern.20230203_v1_0.visual_assets.44_webp,1_OnceAndOnceAgain/Pattern/20230203_v1.0/visual_assets/44.webp,44.webp
1_OnceAndOnceAgain.Pattern.20230203_v1_0.visual_assets.45_webp,1_OnceAndOnceAgain/Pattern/20230203_v1.0/visual_assets/45.webp,45.webp
1_OnceAndOnceAgain.Pattern.20230203_v1_0.visual_assets.46_webp,1_OnceAndOnceAgain/Pattern/20230203_v1.0/visual_assets/46.webp,46.webp
1_OnceAndOnceAgain.Pattern.20230203_v1_0.visual_assets.47_webp,1_OnceAndOnceAgain/Pattern/20230203_v1.0/visual_assets/47.webp,47.webp
1_OnceAndOnceAgain.Pattern.20230203_v1_0.visual_assets.48_webp,1_OnceAndOnceAgain/Pattern/20230203_v1.0/visual_assets/48.webp,48.webp
1_OnceAndOnceAgain.Pattern.20230203_v1_0.visual_assets.49_webp,1_OnceAndOnceAgain/Pattern/20230203_v1.0/visual_assets/49.webp,49.webp
1_OnceAndOnceAgain.Pattern.20230203_v1_0.visual_assets.50_webp,1_OnceAndOnceAgain/Pattern/20230203_v1.0/visual_assets/50.webp,50.webp
1_OnceAndOnceAgain.Pattern.20230203_v1_0.visual_assets.51_webp,1_OnceAndOnceAgain/Pattern/20230203_v1.0/visual_assets/51.webp,51.webp
1_OnceAndOnceAgain.Pattern.20230203_v1_0.visual_assets.52_webp,1_OnceAndOnceAgain/Pattern/20230203_v1.0/visual_assets/52.webp,52.webp
1_OnceAndOnceAgain.Pattern.20230203_v1_0.visual_assets.53_webp,1_OnceAndOnceAgain/Pattern/20230203_v1.0/visual_assets/53.webp,53.webp
1_OnceAndOnceAgain.Pattern.20230203_v1_0.visual_assets.54_webp,1_OnceAndOnceAgain/Pattern/20230203_v1.0/visual_assets/54.webp,54.webp
1_OnceAndOnceAgain.Pattern.20230203_v1_0.visual_assets.55_webp,1_OnceAndOnceAgain/Pattern/20230203_v1.0/visual_assets/55.webp,55.webp
1_OnceAndOnceAgain.Pattern.20230203_v1_0.visual_assets.56_webp,1_OnceAndOnceAgain/Pattern/20230203_v1.0/visual_assets/56.webp,56.webp
1_OnceAndOnceAgain.Pattern.20230203_v1_0.visual_assets.57_webp,1_OnceAndOnceAgain/Pattern/20230203_v1.0/visual_assets/57.webp,57.webp
1_OnceAndOnceAgain.Pattern.20230203_v1_0.visual_assets.58_webp,1_OnceAndOnceAgain/Pattern/20230203_v1.0/visual_assets/58.webp,58.webp
1_OnceAndOnceAgain.programing.code.20230717_js_v1_0.visual_assets.2025_10_23_09_32_17_mp4,1_OnceAndOnceAgain/programing/code/20230717_js_v1.0/visual_assets/2025-10-23_09-32-17.mp4,2025-10-23_09-32-17.mp4
1_OnceAndOnceAgain.programing.code.20230717_js_v1_0.visual_assets.layout_md,1_OnceAndOnceAgain/programing/code/20230717_js_v1.0/visual_assets/layout.md,layout.md
1_OnceAndOnceAgain.programing.code.20230717_js_v1_0.visual_assets._____20251023091547_png,1_OnceAndOnceAgain/programing/code/20230717_js_v1.0/visual_assets/微信截图_20251023091547.png,微信截图_20251023091547.png
1_OnceAndOnceAgain.programing.code.20230717_js_v1_0.visual_assets._____20251023091601_png,1_OnceAndOnceAgain/programing/code/20230717_js_v1.0/visual_assets/微信截图_20251023091601.png,微信截图_20251023091601.png
1_OnceAndOnceAgain.programing.code.20230717_js_v1_0.visual_assets._____20251023091610_png,1_OnceAndOnceAgain/programing/code/20230717_js_v1.0/visual_assets/微信截图_20251023091610.png,微信截图_20251023091610.png
1_OnceAndOnceAgain.programing.code.20230822_js_v1_1.visual_assets.2025_10_23_09_35_48_mp4,1_OnceAndOnceAgain/programing/code/20230822_js_v1.1/visual_assets/2025-10-23_09-35-48.mp4,2025-10-23_09-35-48.mp4
1_OnceAndOnceAgain.programing.code.20230822_js_v1_1.visual_assets.layout_md,1_OnceAndOnceAgain/programing/code/20230822_js_v1.1/visual_assets/layout.md,layout.md
1_OnceAndOnceAgain.programing.code.20230822_js_v1_1.visual_assets._____20251023093632_png,1_OnceAndOnceAgain/programing/code/20230822_js_v1.1/visual_assets/微信截图_20251023093632.png,微信截图_20251023093632.png
1_OnceAndOnceAgain.programing.code.20240204_rust_v2_1.visual_assets.2025_10_23_09_45_44_mp4,1_OnceAndOnceAgain/programing/code/20240204_rust_v2.1/visual_assets/2025-10-23_09-45-44.mp4,2025-10-23_09-45-44.mp4
1_OnceAndOnceAgain.programing.code.20240204_rust_v2_1.visual_assets._____20251023094739_png,1_OnceAndOnceAgain/programing/code/20240204_rust_v2.1/visual_assets/微信截图_20251023094739.png,微信截图_20251023094739.png
1_OnceAndOnceAgain.programing.code.20240205_rust_v2_2.visual_assets.2025_10_23_09_48_47_mp4,1_OnceAndOnceAgain/programing/code/20240205_rust_v2.2/visual_assets/2025-10-23_09-48-47.mp4,2025-10-23_09-48-47.mp4
1_OnceAndOnceAgain.programing.code.20240205_rust_v2_2.visual_assets._____20251023094924_png,1_OnceAndOnceAgain/programing/code/20240205_rust_v2.2/visual_assets/微信截图_20251023094924.png,微信截图_20251023094924.png
1_OnceAndOnceAgain.programing.code.20240205_rust_v2_2.visual_assets._____20251023094933_png,1_OnceAndOnceAgain/programing/code/20240205_rust_v2.2/visual_assets/微信截图_20251023094933.png,微信截图_20251023094933.png
1_OnceAndOnceAgain.programing.code.20240206_rust_v2_3.visual_assets.2025_10_23_09_53_30_mp4,1_OnceAndOnceAgain/programing/code/20240206_rust_v2.3/visual_assets/2025-10-23_09-53-30.mp4,2025-10-23_09-53-30.mp4
1_OnceAndOnceAgain.programing.code.20240206_rust_v2_3.visual_assets._____20251023095436_png,1_OnceAndOnceAgain/programing/code/20240206_rust_v2.3/visual_assets/微信截图_20251023095436.png,微信截图_20251023095436.png
1_OnceAndOnceAgain.programing.code.20240206_rust_v2_3.visual_assets._____20251023095450_png,1_OnceAndOnceAgain/programing/code/20240206_rust_v2.3/visual_assets/微信截图_20251023095450.png,微信截图_20251023095450.png
1_OnceAndOnceAgain.programing.code.20240212_rust_v2_4.visual_assets.2025_10_23_10_02_51_mp4,1_OnceAndOnceAgain/programing/code/20240212_rust_v2.4/visual_assets/2025-10-23_10-02-51.mp4,2025-10-23_10-02-51.mp4
1_OnceAndOnceAgain.programing.code.20240212_rust_v2_4.visual_assets._____20251023100347_png,1_OnceAndOnceAgain/programing/code/20240212_rust_v2.4/visual_assets/微信截图_20251023100347.png,微信截图_20251023100347.png
1_OnceAndOnceAgain.programing.code.20240212_rust_v2_4.visual_assets._____20251023100358_png,1_OnceAndOnceAgain/programing/code/20240212_rust_v2.4/visual_assets/微信截图_20251023100358.png,微信截图_20251023100358.png
1_OnceAndOnceAgain.programing.code.20240213_rust_v2_5.visual_assets.2025_10_23_10_04_46_mp4,1_OnceAndOnceAgain/programing/code/20240213_rust_v2.5/visual_assets/2025-10-23_10-04-46.mp4,2025-10-23_10-04-46.mp4
1_OnceAndOnceAgain.programing.code.20240213_rust_v2_5.visual_assets._____20251023100529_png,1_OnceAndOnceAgain/programing/code/20240213_rust_v2.5/visual_assets/微信截图_20251023100529.png,微信截图_20251023100529.png
1_OnceAndOnceAgain.programing.code.20240213_rust_v2_5.visual_assets._____20251023100549_png,1_OnceAndOnceAgain/programing/code/20240213_rust_v2.5/visual_assets/微信截图_20251023100549.png,微信截图_20251023100549.png
1_OnceAndOnceAgain.programing.code.20240218_rust_v2_6.visual_assets.2025_10_23_10_06_47_mp4,1_OnceAndOnceAgain/programing/code/20240218_rust_v2.6/visual_assets/2025-10-23_10-06-47.mp4,2025-10-23_10-06-47.mp4
1_OnceAndOnceAgain.programing.code.20240218_rust_v2_6.visual_assets._____20251023100727_png,1_OnceAndOnceAgain/programing/code/20240218_rust_v2.6/visual_assets/微信截图_20251023100727.png,微信截图_20251023100727.png
1_OnceAndOnceAgain.programing.code.20240218_rust_v2_6.visual_assets._____20251023100740_png,1_OnceAndOnceAgain/programing/code/20240218_rust_v2.6/visual_assets/微信截图_20251023100740.png,微信截图_20251023100740.png
1_OnceAndOnceAgain.programing.code.20240218_rust_v2_7.visual_assets.2025_10_23_10_08_41_mp4,1_OnceAndOnceAgain/programing/code/20240218_rust_v2.7/visual_assets/2025-10-23_10-08-41.mp4,2025-10-23_10-08-41.mp4
1_OnceAndOnceAgain.programing.code.20240218_rust_v2_7.visual_assets._____20251023100914_png,1_OnceAndOnceAgain/programing/code/20240218_rust_v2.7/visual_assets/微信截图_20251023100914.png,微信截图_20251023100914.png
1_OnceAndOnceAgain.programing.code.20240218_rust_v2_7.visual_assets._____20251023100928_png,1_OnceAndOnceAgain/programing/code/20240218_rust_v2.7/visual_assets/微信截图_20251023100928.png,微信截图_20251023100928.png
1_OnceAndOnceAgain.programing.code.20240220_rust_v2_8.visual_assets.2025_10_23_10_10_36_mp4,1_OnceAndOnceAgain/programing/code/20240220_rust_v2.8/visual_assets/2025-10-23_10-10-36.mp4,2025-10-23_10-10-36.mp4
1_OnceAndOnceAgain.programing.code.20240220_rust_v2_8.visual_assets._____20251023101151_png,1_OnceAndOnceAgain/programing/code/20240220_rust_v2.8/visual_assets/微信截图_20251023101151.png,微信截图_20251023101151.png
1_OnceAndOnceAgain.programing.code.20240220_rust_v2_8.visual_assets._____20251023101201_png,1_OnceAndOnceAgain/programing/code/20240220_rust_v2.8/visual_assets/微信截图_20251023101201.png,微信截图_20251023101201.png
1_OnceAndOnceAgain.programing.code.20240220_rust_v2_8.visual_assets._____20251023101212_png,1_OnceAndOnceAgain/programing/code/20240220_rust_v2.8/visual_assets/微信截图_20251023101212.png,微信截图_20251023101212.png
1_OnceAndOnceAgain.programing.code.20240221_rust_v2_9.visual_assets.2025_10_23_10_13_02_mp4,1_OnceAndOnceAgain/programing/code/20240221_rust_v2.9/visual_assets/2025-10-23_10-13-02.mp4,2025-10-23_10-13-02.mp4
1_OnceAndOnceAgain.programing.code.20240221_rust_v2_9.visual_assets._____20251023101329_png,1_OnceAndOnceAgain/programing/code/20240221_rust_v2.9/visual_assets/微信截图_20251023101329.png,微信截图_20251023101329.png
1_OnceAndOnceAgain.programing.code.20240221_rust_v2_9.visual_assets._____20251023101341_png,1_OnceAndOnceAgain/programing/code/20240221_rust_v2.9/visual_assets/微信截图_20251023101341.png,微信截图_20251023101341.png
1_OnceAndOnceAgain.programing.code.20240415_rust_v4_0.visual_assets.2025_10_23_10_15_41_mp4,1_OnceAndOnceAgain/programing/code/20240415_rust_v4.0/visual_assets/2025-10-23_10-15-41.mp4,2025-10-23_10-15-41.mp4
1_OnceAndOnceAgain.programing.code.20240415_rust_v4_0.visual_assets._____20251023101610_png,1_OnceAndOnceAgain/programing/code/20240415_rust_v4.0/visual_assets/微信截图_20251023101610.png,微信截图_20251023101610.png
1_OnceAndOnceAgain.programing.code.20240415_rust_v4_0.visual_assets._____20251023101624_png,1_OnceAndOnceAgain/programing/code/20240415_rust_v4.0/visual_assets/微信截图_20251023101624.png,微信截图_20251023101624.png
1_OnceAndOnceAgain.programing.code.20240418_rust_v4_0p.visual_assets.2025_10_23_10_17_40_mp4,1_OnceAndOnceAgain/programing/code/20240418_rust_v4.0p/visual_assets/2025-10-23_10-17-40.mp4,2025-10-23_10-17-40.mp4
1_OnceAndOnceAgain.programing.code.20240418_rust_v4_0p.visual_assets._____20251023101819_png,1_OnceAndOnceAgain/programing/code/20240418_rust_v4.0p/visual_assets/微信截图_20251023101819.png,微信截图_20251023101819.png
1_OnceAndOnceAgain.programing.code.20240418_rust_v4_0p.visual_assets._____20251023101854_png,1_OnceAndOnceAgain/programing/code/20240418_rust_v4.0p/visual_assets/微信截图_20251023101854.png,微信截图_20251023101854.png
1_OnceAndOnceAgain.programing.code.20240818_rust_v4_2.visual_assets.0_mp4,1_OnceAndOnceAgain/programing/code/20240818_rust_v4.2/visual_assets/0.mp4,0.mp4
1_OnceAndOnceAgain.programing.code.20240818_rust_v4_2.visual_assets.1_mp4,1_OnceAndOnceAgain/programing/code/20240818_rust_v4.2/visual_assets/1.mp4,1.mp4
1_OnceAndOnceAgain.programing.code.20240818_rust_v4_2.visual_assets.2_mp4,1_OnceAndOnceAgain/programing/code/20240818_rust_v4.2/visual_assets/2.mp4,2.mp4
1_OnceAndOnceAgain.programing.code.20240818_rust_v4_2.visual_assets.3_mp4,1_OnceAndOnceAgain/programing/code/20240818_rust_v4.2/visual_assets/3.mp4,3.mp4
1_OnceAndOnceAgain.programing.code.20240818_rust_v4_2.visual_assets.4_mp4,1_OnceAndOnceAgain/programing/code/20240818_rust_v4.2/visual_assets/4.mp4,4.mp4
1_OnceAndOnceAgain.programing.code.20240818_rust_v4_2.visual_assets._____20251023102750_png,1_OnceAndOnceAgain/programing/code/20240818_rust_v4.2/visual_assets/微信截图_20251023102750.png,微信截图_20251023102750.png
1_OnceAndOnceAgain.programing.code.20240818_rust_v4_2.visual_assets._____20251023102809_png,1_OnceAndOnceAgain/programing/code/20240818_rust_v4.2/visual_assets/微信截图_20251023102809.png,微信截图_20251023102809.png
1_OnceAndOnceAgain.programing.code.20240818_rust_v4_2.visual_assets._____20251023102825_png,1_OnceAndOnceAgain/programing/code/20240818_rust_v4.2/visual_assets/微信截图_20251023102825.png,微信截图_20251023102825.png
1_OnceAndOnceAgain.programing.digitalPoster.20231102_OaOA_Poster.visual_assets.01_webp,1_OnceAndOnceAgain/programing/digitalPoster/20231102_OaOA_Poster/visual_assets/01.webp,01.webp
1_OnceAndOnceAgain.programing.game.visual_assets.01_webp,1_OnceAndOnceAgain/programing/game/visual_assets/01.webp,01.webp
1_OnceAndOnceAgain.programing.game.visual_assets.02_webp,1_OnceAndOnceAgain/programing/game/visual_assets/02.webp,02.webp
1_OnceAndOnceAgain.programing.game.visual_assets.03_webp,1_OnceAndOnceAgain/programing/game/visual_assets/03.webp,03.webp
1_OnceAndOnceAgain.programing.game.visual_assets.04_webp,1_OnceAndOnceAgain/programing/game/visual_assets/04.webp,04.webp
1_OnceAndOnceAgain.programing.game.visual_assets.05_webp,1_OnceAndOnceAgain/programing/game/visual_assets/05.webp,05.webp
1_OnceAndOnceAgain.programing.game.visual_assets.06_webp,1_OnceAndOnceAgain/programing/game/visual_assets/06.webp,06.webp
1_OnceAndOnceAgain.programing.game.visual_assets.07_webp,1_OnceAndOnceAgain/programing/game/visual_assets/07.webp,07.webp
1_OnceAndOnceAgain.programing.game.visual_assets.08_webp,1_OnceAndOnceAgain/programing/game/visual_assets/08.webp,08.webp
1_OnceAndOnceAgain.programing.game.visual_assets.09_webp,1_OnceAndOnceAgain/programing/game/visual_assets/09.webp,09.webp
1_OnceAndOnceAgain.programing.game.visual_assets.10_webp,1_OnceAndOnceAgain/programing/game/visual_assets/10.webp,10.webp
1_OnceAndOnceAgain.programing.game.visual_assets.11_webp,1_OnceAndOnceAgain/programing/game/visual_assets/11.webp,11.webp
1_OnceAndOnceAgain.programing.game.visual_assets.20231205_thesis_pdf,1_OnceAndOnceAgain/programing/game/visual_assets/20231205_thesis.pdf,20231205_thesis.pdf
